Order_ID,Order_Date,Shipping_Mode,Region,Customer_Segment,Product_Category,Shipment_Quantity,Product_Price,Shipping_Cost,Scheduled_Shipping_Days,Actual_Shipping_Days,Customer_Rating,Delay_Days,Late_Delivery_Flag,Shipment_Quantity_Normalized,Product_Price_Normalized,Shipping_Cost_Normalized,Customer_Rating_Normalized
ORD10001,2026-01-01 00:00:00,Standard Class,South,Consumer,Clothing,5,760.7,32.18,1,2,2.0,1,1,0.4444,0.4206,0.0992,0.25
ORD10002,2026-01-02 00:00:00,Same Day,South,Consumer,Sports,2,415.19,146.73,1,1,3.0,0,0,0.1111,0.2229,0.5646,0.5
ORD10003,2026-01-03 00:00:00,Second Class,Central,Consumer,Electronics,10,184.34,69.91,2,4,5.0,2,1,1.0,0.0909,0.2525,1.0
ORD10004,2026-01-04 00:00:00,First Class,West,Corporate,Electronics,6,956.95,64.39,4,6,5.0,2,1,0.5556,0.5329,0.23,1.0
ORD10005,2026-04-10 12:00:00,Standard Class,South,Corporate,Electronics,5,751.69,85.43,3,3,1.0,0,0,0.4444,0.4154,0.3155,0.0
ORD10006,2026-01-06 00:00:00,Standard Class,South,Home Office,Electronics,6,649.48,12.28,3,3,4.0,0,0,0.5556,0.357,0.0183,0.75
ORD10007,2026-01-07 00:00:00,Standard Class,East,Consumer,Office Supplies,1,1074.79,30.77,2,4,4.0,2,1,0.0,0.6003,0.0934,0.75
ORD10008,2026-01-08 00:00:00,Second Class,South,Consumer,Electronics,5,950.54,119.4,4,5,5.0,1,1,0.4444,0.5292,0.4535,1.0
ORD10009,2026-01-09 00:00:00,First Class,South,Corporate,Office Supplies,9,198.98,17.83,3,5,3.0,2,1,0.8889,0.0993,0.0409,0.5
ORD10010,2026-01-10 00:00:00,Second Class,East,Consumer,Office Supplies,10,387.83,98.49,1,3,2.0,2,1,1.0,0.2073,0.3686,0.25
ORD10011,2026-01-11 00:00:00,Standard Class,Central,Consumer,Electronics,2,313.22,43.03,3,5,3.0,2,1,0.1111,0.1646,0.1433,0.5
ORD10012,2026-01-12 00:00:00,Same Day,South,Consumer,Electronics,1,1773.57625,65.34,1,1,2.0,0,0,0.0,1.0,0.2339,0.25
ORD10013,2026-01-13 00:00:00,Second Class,South,Consumer,Clothing,10,59.57,49.75,2,2,5.0,0,0,1.0,0.0195,0.1706,1.0
ORD10014,2026-01-14 00:00:00,Standard Class,West,Home Office,Sports,9,692.47,253.90875,1,2,2.0,1,1,0.8889,0.3816,1.0,0.25
ORD10015,2026-01-15 00:00:00,Standard Class,Central,Corporate,Electronics,10,919.7,116.45,3,3,4.0,0,0,1.0,0.5115,0.4415,0.75
ORD10016,2026-01-16 00:00:00,Standard Class,West,Corporate,Clothing,9,1054.58,51.05,3,3,1.0,0,0,0.8889,0.5887,0.1758,0.0
ORD10017,2026-01-17 00:00:00,Standard Class,West,Consumer,Clothing,9,423.66,92.79,3,3,1.0,0,0,0.8889,0.2278,0.3454,0.0
ORD10018,2026-01-18 00:00:00,First Class,East,Consumer,Sports,6,989.08,78.79,2,2,5.0,0,0,0.5556,0.5512,0.2885,1.0
ORD10019,2026-01-19 00:00:00,Standard Class,South,Consumer,Office Supplies,8,150.55,107.87,2,3,4.0,1,1,0.7778,0.0716,0.4067,0.75
ORD10020,2026-01-20 00:00:00,Standard Class,East,Consumer,Electronics,1,1018.81,150.21,4,6,3.0,2,1,0.0,0.5682,0.5787,0.5
ORD10021,2026-01-21 00:00:00,First Class,East,Consumer,Sports,10,170.44,118.55,3,4,4.0,1,1,1.0,0.0829,0.4501,0.75
ORD10022,2026-01-22 00:00:00,Standard Class,East,Corporate,Electronics,4,488.8,92.69,1,1,1.0,0,0,0.3333,0.265,0.345,0.0
ORD10023,2026-01-23 00:00:00,Standard Class,East,Corporate,Clothing,1,960.81,9.83,2,2,1.0,0,0,0.0,0.5351,0.0084,0.0
ORD10024,2026-01-24 00:00:00,Standard Class,Central,Consumer,Clothing,8,196.9,45.65,3,4,4.0,1,1,0.7778,0.0981,0.1539,0.75
ORD10025,2026-01-25 00:00:00,Standard Class,South,Home Office,Office Supplies,1,290.52,97.24,3,3,4.0,0,0,0.0,0.1516,0.3635,0.75
ORD10026,2026-01-26 00:00:00,Second Class,West,Corporate,Clothing,3,872.26,12.97,2,4,1.0,2,1,0.2222,0.4844,0.0211,0.0
ORD10027,2026-01-27 00:00:00,Standard Class,West,Corporate,Clothing,4,869.64,81.94,4,4,3.0,0,0,0.3333,0.4829,0.3013,0.5
ORD10028,2026-01-28 00:00:00,First Class,South,Corporate,Sports,8,776.55,97.51,2,3,5.0,1,1,0.7778,0.4297,0.3646,1.0
ORD10029,2026-01-29 00:00:00,Standard Class,West,Consumer,Electronics,6,838.86,56.81,2,4,5.0,2,1,0.5556,0.4653,0.1992,1.0
ORD10030,2026-01-30 00:00:00,Standard Class,South,Consumer,Electronics,10,660.41,92.69,1,2,4.0,1,1,1.0,0.3632,0.345,0.75
ORD10031,2026-01-31 00:00:00,First Class,West,Consumer,Sports,7,317.12,21.52,1,2,5.0,1,1,0.6667,0.1668,0.0559,1.0
ORD10032,2026-02-01 00:00:00,Standard Class,East,Corporate,Office Supplies,8,427.92,16.65,4,5,1.0,1,1,0.7778,0.2302,0.0361,0.0
ORD10033,2026-02-02 00:00:00,Standard Class,West,Consumer,Electronics,2,234.29,117.87,3,4,1.0,1,1,0.1111,0.1195,0.4473,0.0
ORD10034,2026-02-03 00:00:00,Same day,South,Consumer,Clothing,10,1091.97,81.8,2,2,4.0,0,0,1.0,0.6101,0.3008,0.75
ORD10035,2026-02-04 00:00:00,Same Day,South,Consumer,Electronics,8,708.4,111.7,4,3,4.0,-1,0,0.7778,0.3907,0.4222,0.75
ORD10036,2026-02-05 00:00:00,Second Class,South,Consumer,Clothing,3,493.0,72.4,1,1,4.0,0,0,0.2222,0.2674,0.2626,0.75
ORD10037,2026-02-06 00:00:00,Standard Class,South,Home Office,Office Supplies,7,565.17,43.19,2,1,3.0,-1,0,0.6667,0.3087,0.1439,0.5
ORD10038,2026-02-07 00:00:00,Standard Class,South,Corporate,Sports,3,1137.79,131.96,3,5,5.0,2,1,0.2222,0.6363,0.5046,1.0
ORD10039,2026-02-08 00:00:00,Second Class,Central,Consumer,Electronics,7,200.95,128.91,1,1,4.0,0,0,0.6667,0.1004,0.4922,0.75
ORD10040,2026-02-09 00:00:00,Second Class,Central,Consumer,Sports,2,711.75,112.68,1,1,2.0,0,0,0.1111,0.3926,0.4262,0.25
ORD10041,2026-02-10 00:00:00,Standard Class,West,Consumer,Electronics,10,616.95,47.18,1,1,2.0,0,0,1.0,0.3384,0.1601,0.25
ORD10042,2026-02-11 00:00:00,First Class,South,Consumer,Clothing,6,741.52,96.49,4,5,3.0,1,1,0.5556,0.4096,0.3604,0.5
ORD10043,2026-02-12 00:00:00,Standard Class,West,Consumer,Sports,3,41.37,60.95,3,3,5.0,0,0,0.2222,0.0091,0.2161,1.0
ORD10044,2026-02-13 00:00:00,Second Class,South,Consumer,Electronics,3,1049.11,19.2,2,1,4.0,-1,0,0.2222,0.5856,0.0464,0.75
ORD10045,2026-02-14 00:00:00,Standard Class,South,Consumer,Clothing,9,1119.9,147.18,4,4,2.0,0,0,0.8889,0.6261,0.5664,0.25
ORD10046,2026-02-15 00:00:00,First Class,Central,Corporate,Sports,7,686.86,92.69,4,4,5.0,0,0,0.6667,0.3783,0.345,1.0
ORD10047,2026-02-16 00:00:00,Standard Class,Central,Corporate,Sports,5,842.05,152.29,4,5,1.0,1,1,0.4444,0.4671,0.5871,0.0
ORD10048,2026-04-10 12:00:00,First Class,East,Consumer,Electronics,10,1108.55,74.13,1,1,3.0,0,0,1.0,0.6196,0.2696,0.5
ORD10049,2026-02-18 00:00:00,First Class,Central,Consumer,Electronics,7,854.54,33.7,3,3,5.0,0,0,0.6667,0.4743,0.1053,1.0
ORD10050,2026-02-19 00:00:00,Standard Class,East,Corporate,Electronics,9,200.0,88.99,4,4,5.0,0,0,0.8889,0.0998,0.33,1.0
ORD10051,2026-02-20 00:00:00,Same Day,East,Consumer,Clothing,1,700.02,140.31,2,2,3.0,0,0,0.0,0.3859,0.5385,0.5
ORD10052,2026-02-21 00:00:00,Second Class,East,Home Office,Electronics,7,735.92,118.49,3,3,5.0,0,0,0.6667,0.4064,0.4498,1.0
ORD10053,2026-02-22 00:00:00,Same Day,East,Corporate,Sports,6,520.47,130.02,2,4,1.0,2,1,0.5556,0.2832,0.4967,0.0
ORD10054,2026-02-23 00:00:00,Second Class,East,Consumer,Sports,10,889.0,107.11,3,3,1.0,0,0,1.0,0.494,0.4036,0.0
ORD10055,2026-02-24 00:00:00,First Class,West,Consumer,Electronics,9,1122.55,112.3,2,1,3.0,-1,0,0.8889,0.6276,0.4247,0.5
ORD10056,2026-02-25 00:00:00,Second Class,Central,Corporate,Electronics,1,1112.17,136.63,1,1,4.0,0,0,0.0,0.6216,0.5235,0.75
ORD10057,2026-02-26 00:00:00,Standard Class,East,Consumer,Office Supplies,4,551.99,43.7,4,4,2.0,0,0,0.3333,0.3012,0.146,0.25
ORD10058,2026-02-27 00:00:00,Standard Class,South,Corporate,Sports,9,153.62,80.86,2,2,4.0,0,0,0.8889,0.0733,0.2969,0.75
ORD10059,2026-02-28 00:00:00,Standard Class,Central,Home Office,Clothing,4,1182.11,39.29,3,3,5.0,0,0,0.3333,0.6617,0.1281,1.0
ORD10060,2026-03-01 00:00:00,Standard Class,Central,Corporate,Office Supplies,10,1009.9,158.09,4,3,2.0,-1,0,1.0,0.5631,0.6107,0.25
ORD10061,2026-03-02 00:00:00,Standard Class,East,Consumer,Electronics,3,167.1,151.33,4,6,3.0,2,1,0.2222,0.081,0.5832,0.5
ORD10062,2026-03-03 00:00:00,Standard Class,Central,Corporate,Electronics,9,1106.59,11.11,3,3,3.0,0,0,0.8889,0.6185,0.0136,0.5
ORD10063,2026-03-04 00:00:00,Second Class,East,Consumer,Sports,2,1046.48,114.36,2,3,2.0,1,1,0.1111,0.5841,0.433,0.25
ORD10064,2026-03-05 00:00:00,Standard Class,West,Consumer,Electronics,4,632.23,148.41,1,3,1.0,2,1,0.3333,0.3471,0.5714,0.0
ORD10065,2026-03-06 00:00:00,Standard Class,South,Home Office,Clothing,6,717.71,32.99,1,1,2.0,0,0,0.5556,0.396,0.1025,0.25
ORD10066,2026-03-07 00:00:00,First Class,Central,Consumer,Sports,2,490.82,93.03,2,2,5.0,0,0,0.1111,0.2662,0.3464,1.0
ORD10067,2026-03-08 00:00:00,Standard Class,West,Home Office,Electronics,8,84.62,146.9,4,4,1.0,0,0,0.7778,0.0338,0.5653,0.0
ORD10068,2026-03-09 00:00:00,Second Class,West,Home Office,Sports,8,415.53,10.26,4,4,3.0,0,0,0.7778,0.2231,0.0101,0.5
ORD10069,2026-03-10 00:00:00,Standard Class,West,Consumer,Electronics,1,967.37,113.1,4,3,2.0,-1,0,0.0,0.5388,0.4279,0.25
ORD10070,2026-03-11 00:00:00,Same Day,South,Consumer,Electronics,3,25.47,51.09,4,6,3.0,2,1,0.2222,0.0,0.176,0.5
ORD10071,2026-03-12 00:00:00,Second Class,West,Consumer,Electronics,10,413.53,148.28,2,3,4.0,1,1,1.0,0.222,0.5709,0.75
ORD10072,2026-03-13 00:00:00,Standard Class,South,Consumer,Clothing,9,489.84,155.51,4,3,5.0,-1,0,0.8889,0.2656,0.6002,1.0
ORD10073,2026-03-14 00:00:00,Standard Class,Central,Consumer,Clothing,5,654.13,151.36,3,4,4.0,1,1,0.4444,0.3596,0.5834,0.75
ORD10074,2026-03-15 00:00:00,Second Class,South,Corporate,Sports,6,1105.43,92.69,4,5,2.0,1,1,0.5556,0.6178,0.345,0.25
ORD10075,2026-03-16 00:00:00,Second Class,Central,Consumer,Electronics,4,428.69,138.62,1,3,2.0,2,1,0.3333,0.2307,0.5316,0.25
ORD10076,2026-03-17 00:00:00,Second Class,South,Consumer,Electronics,10,429.4,135.91,4,4,4.0,0,0,1.0,0.2311,0.5206,0.75
ORD10077,2026-03-18 00:00:00,Second Class,West,Corporate,Clothing,2,890.25,92.69,2,2,2.0,0,0,0.1111,0.4947,0.345,0.25
ORD10078,2026-03-19 00:00:00,Standard Class,South,Consumer,Electronics,8,553.62,133.48,1,3,5.0,2,1,0.7778,0.3021,0.5107,1.0
ORD10079,2026-03-20 00:00:00,Standard Class,West,Corporate,Clothing,6,285.03,10.74,2,2,1.0,0,0,0.5556,0.1485,0.0121,0.0
ORD10080,2026-03-21 00:00:00,Standard Class,South,Consumer,Electronics,5,553.88,253.90875,2,2,5.0,0,0,0.4444,0.3023,1.0,1.0
ORD10081,2026-03-22 00:00:00,Second Class,South,Consumer,Sports,9,186.21,40.65,1,1,5.0,0,0,0.8889,0.092,0.1336,1.0
ORD10082,2026-03-23 00:00:00,First Class,East,Corporate,Electronics,1,228.14,23.69,2,3,2.0,1,1,0.0,0.1159,0.0647,0.25
ORD10083,2026-03-24 00:00:00,Standard Class,West,Corporate,Electronics,5,608.07,16.93,2,3,3.0,1,1,0.4444,0.3333,0.0372,0.5
ORD10084,2026-03-25 00:00:00,Standard Class,East,Home Office,Office Supplies,6,514.33,112.92,4,5,2.0,1,1,0.5556,0.2797,0.4272,0.25
ORD10085,2026-03-26 00:00:00,Standard Class,West,Corporate,Clothing,5,1099.52,57.68,3,2,3.0,-1,0,0.4444,0.6144,0.2028,0.5
ORD10086,2026-03-27 00:00:00,Standard Class,East,Corporate,Electronics,6,447.62,117.34,2,3,2.0,1,1,0.5556,0.2415,0.4452,0.25
ORD10087,2026-03-28 00:00:00,Second Class,Central,Consumer,Electronics,6,705.09,15.13,2,1,2.0,-1,0,0.5556,0.3888,0.0299,0.25
ORD10088,2026-03-29 00:00:00,First Class,South,Consumer,Office Supplies,7,766.07,53.87,2,2,2.0,0,0,0.6667,0.4237,0.1873,0.25
ORD10089,2026-03-30 00:00:00,Standard Class,West,Corporate,Office Supplies,4,35.45,88.62,4,4,1.0,0,0,0.3333,0.0057,0.3285,0.0
ORD10090,2026-03-31 00:00:00,Standard Class,West,Corporate,Clothing,8,802.97,127.56,3,5,2.0,2,1,0.7778,0.4448,0.4867,0.25
ORD10091,2026-04-01 00:00:00,Standard Class,South,Home Office,Office Supplies,7,230.08,54.41,1,2,1.0,1,1,0.6667,0.117,0.1895,0.0
ORD10092,2026-04-02 00:00:00,Second Class,West,Consumer,Sports,9,1154.06,102.01,4,4,4.0,0,0,0.8889,0.6456,0.3829,0.75
ORD10093,2026-04-03 00:00:00,Second Class,West,Consumer,Office Supplies,7,195.42,142.33,4,4,3.0,0,0,0.6667,0.0972,0.5467,0.5
ORD10094,2026-04-04 00:00:00,First Class,East,Corporate,Sports,3,509.26,100.46,3,3,1.0,0,0,0.2222,0.2768,0.3766,0.0
ORD10095,2026-04-05 00:00:00,Second Class,West,Consumer,Clothing,3,120.71,41.11,3,4,4.0,1,1,0.2222,0.0545,0.1355,0.75
ORD10096,2026-04-06 00:00:00,First Class,Central,Home Office,Clothing,8,1196.31,8.78,4,5,1.0,1,1,0.7778,0.6698,0.0041,0.0
ORD10097,2026-04-07 00:00:00,First Class,Central,Home Office,Clothing,5,612.59,139.87,1,3,1.0,2,1,0.4444,0.3359,0.5367,0.0
ORD10098,2026-04-08 00:00:00,Standard Class,South,Consumer,Clothing,4,722.55,8.3,4,3,3.0,-1,0,0.3333,0.3988,0.0022,0.5
ORD10099,2026-04-09 00:00:00,Standard Class,West,Corporate,Clothing,8,99.15,140.58,3,2,5.0,-1,0,0.7778,0.0421,0.5396,1.0
ORD10100,2026-04-10 00:00:00,Standard Class,South,Corporate,Sports,6,904.95,86.99,1,1,3.0,0,0,0.5556,0.5031,0.3219,0.5
ORD10101,2026-04-11 00:00:00,Standard Class,South,Consumer,Sports,2,267.69,150.56,3,5,1.0,2,1,0.1111,0.1386,0.5801,0.0
ORD10102,2026-04-12 00:00:00,First Class,West,Home Office,Clothing,4,1079.7,128.81,1,1,3.0,0,0,0.3333,0.6031,0.4918,0.5
ORD10103,2026-04-13 00:00:00,Standard Class,West,Consumer,Office Supplies,4,262.06,159.68,2,3,4.0,1,1,0.3333,0.1353,0.6172,0.75
ORD10104,2026-04-14 00:00:00,First Class,South,Corporate,Electronics,6,245.01,59.36,3,3,2.0,0,0,0.5556,0.1256,0.2096,0.25
ORD10105,2026-04-15 00:00:00,Second Class,Central,Consumer,Clothing,6,63.13,123.91,3,3,2.0,0,0,0.5556,0.0215,0.4718,0.25
ORD10106,2026-04-16 00:00:00,Standard Class,West,Home Office,Office Supplies,1,577.04,67.3,4,4,1.0,0,0,0.0,0.3155,0.2419,0.0
ORD10107,2026-04-17 00:00:00,Standard Class,South,Consumer,Electronics,8,686.51,79.38,3,4,1.0,1,1,0.7778,0.3781,0.2909,0.0
ORD10108,2026-04-18 00:00:00,Second Class,Central,Consumer,Clothing,6,97.54,102.26,3,3,1.0,0,0,0.5556,0.0412,0.3839,0.0
ORD10109,2026-04-19 00:00:00,Standard Class,South,Home Office,Clothing,3,935.12,140.42,2,4,1.0,2,1,0.2222,0.5204,0.5389,0.0
ORD10110,2026-04-20 00:00:00,Standard Class,East,Consumer,Sports,9,554.88,157.53,3,4,5.0,1,1,0.8889,0.3028,0.6084,1.0
ORD10111,2026-04-21 00:00:00,Second Class,West,Consumer,Electronics,2,638.78,124.08,2,3,1.0,1,1,0.1111,0.3508,0.4725,0.0
ORD10112,2026-04-22 00:00:00,Standard Class,East,Home Office,Electronics,8,540.1,69.75,2,2,5.0,0,0,0.7778,0.2944,0.2518,1.0
ORD10113,2026-04-23 00:00:00,Second Class,Central,Home Office,Office Supplies,10,492.9,70.31,2,3,5.0,1,1,1.0,0.2674,0.2541,1.0
ORD10114,2026-04-24 00:00:00,Second Class,East,Corporate,Sports,3,680.38,119.33,2,1,1.0,-1,0,0.2222,0.3746,0.4532,0.0
ORD10115,2026-04-25 00:00:00,First Class,East,Corporate,Sports,5,203.18,42.01,1,1,3.0,0,0,0.4444,0.1017,0.1391,0.5
ORD10116,2026-04-26 00:00:00,Second Class,Central,Consumer,Sports,6,234.68,22.12,4,4,4.0,0,0,0.5556,0.1197,0.0583,0.75
ORD10117,2026-04-27 00:00:00,Second Class,South,Consumer,Sports,10,1036.91,59.97,1,1,2.0,0,0,1.0,0.5786,0.2121,0.25
ORD10118,2026-04-28 00:00:00,Standard Class,East,Consumer,Electronics,6,1136.42,92.69,3,2,5.0,-1,0,0.5556,0.6355,0.345,1.0
ORD10119,2026-04-29 00:00:00,Second Class,South,Corporate,Electronics,4,460.5,50.93,1,1,4.0,0,0,0.3333,0.2489,0.1753,0.75
ORD10120,2026-04-30 00:00:00,First Class,East,Corporate,Clothing,3,339.48,41.21,1,2,3.0,1,1,0.2222,0.1796,0.1359,0.5
ORD10121,2026-05-01 00:00:00,Second Class,South,Corporate,Clothing,4,779.92,11.52,3,2,2.0,-1,0,0.3333,0.4316,0.0152,0.25
ORD10122,2026-05-02 00:00:00,Second Class,Central,Corporate,Sports,1,502.31,7.77,3,5,2.0,2,1,0.0,0.2728,0.0,0.25
ORD10123,2026-05-03 00:00:00,Standard Class,South,Consumer,Sports,4,49.96,158.1,3,3,5.0,0,0,0.3333,0.014,0.6108,1.0
ORD10124,2026-05-04 00:00:00,Standard Class,Central,Consumer,Sports,1,204.26,92.69,1,2,1.0,1,1,0.0,0.1023,0.345,0.0
ORD10125,2026-05-05 00:00:00,Standard Class,East,Consumer,Clothing,1,864.85,64.57,1,1,3.0,0,0,0.0,0.4802,0.2308,0.5
ORD10126,2026-05-06 00:00:00,Standard Class,Central,Consumer,Office Supplies,10,797.53,110.35,3,3,5.0,0,0,1.0,0.4417,0.4168,1.0
ORD10127,2026-05-07 00:00:00,Second Class,South,Consumer,Office Supplies,6,51.97,38.83,4,4,3.0,0,0,0.5556,0.0152,0.1262,0.5
ORD10128,2026-05-08 00:00:00,Standard Class,East,Home Office,Clothing,5,281.93,152.24,4,4,1.0,0,0,0.4444,0.1467,0.5869,0.0
ORD10129,2026-05-09 00:00:00,Standard Class,East,Consumer,Clothing,4,292.67,126.88,2,3,1.0,1,1,0.3333,0.1529,0.4839,0.0
ORD10130,2026-05-10 00:00:00,First Class,East,Consumer,Clothing,3,812.83,18.86,3,3,5.0,0,0,0.2222,0.4504,0.0451,1.0
ORD10131,2026-05-11 00:00:00,Standard Class,West,Consumer,Clothing,1,43.26,69.73,2,2,1.0,0,0,0.0,0.0102,0.2517,0.0
ORD10132,2026-05-12 00:00:00,Standard Class,South,Corporate,Clothing,6,142.85,141.26,4,5,4.0,1,1,0.5556,0.0671,0.5423,0.75
ORD10133,2026-05-13 00:00:00,Standard Class,West,Corporate,Clothing,2,963.9,151.43,2,3,2.0,1,1,0.1111,0.5368,0.5837,0.25
ORD10134,2026-05-14 00:00:00,Standard Class,West,Consumer,Sports,8,230.68,77.45,3,3,5.0,0,0,0.7778,0.1174,0.2831,1.0
ORD10135,2026-05-15 00:00:00,Same Day,Central,Consumer,Sports,10,790.24,100.08,3,3,3.0,0,0,1.0,0.4375,0.375,0.5
ORD10136,2026-05-16 00:00:00,Standard Class,East,Corporate,Sports,5,301.06,30.89,3,4,4.0,1,1,0.4444,0.1577,0.0939,0.75
ORD10137,2026-05-17 00:00:00,First Class,South,Consumer,Sports,7,137.34,158.63,1,1,5.0,0,0,0.6667,0.064,0.6129,1.0
ORD10138,2026-05-18 00:00:00,Second Class,Central,Corporate,Clothing,10,306.94,40.91,2,3,1.0,1,1,1.0,0.161,0.1346,0.0
ORD10139,2026-05-19 00:00:00,Standard Class,West,Corporate,Office Supplies,2,872.27,151.12,4,4,1.0,0,0,0.1111,0.4844,0.5824,0.0
ORD10140,2026-05-20 00:00:00,Second Class,East,Consumer,Electronics,8,1029.72,105.7,4,4,1.0,0,0,0.7778,0.5745,0.3979,0.0
ORD10141,2026-05-21 00:00:00,Same Day,Central,Consumer,Clothing,2,999.66,99.2,4,5,1.0,1,1,0.1111,0.5573,0.3715,0.0
ORD10142,2026-05-22 00:00:00,Standard Class,East,Home Office,Electronics,4,488.68,84.47,1,2,3.0,1,1,0.3333,0.265,0.3116,0.5
ORD10143,2026-05-23 00:00:00,First Class,Central,Consumer,Office Supplies,1,808.34,40.75,1,1,4.0,0,0,0.0,0.4478,0.134,0.75
ORD10144,2026-05-24 00:00:00,Standard Class,East,Consumer,Sports,5,261.88,32.36,3,5,2.0,2,1,0.4444,0.1352,0.0999,0.25
ORD10145,2026-05-25 00:00:00,Standard Class,West,Corporate,Office Supplies,9,365.91,39.18,4,4,3.0,0,0,0.8889,0.1947,0.1276,0.5
ORD10146,2026-05-26 00:00:00,Standard Class,South,Home Office,Clothing,1,1773.57625,33.9,1,1,3.0,0,0,0.0,1.0,0.1062,0.5
ORD10147,2026-05-27 00:00:00,First Class,West,Home Office,Sports,9,35.34,125.84,3,4,2.0,1,1,0.8889,0.0056,0.4797,0.25
ORD10148,2026-05-28 00:00:00,First Class,South,Corporate,Clothing,8,120.9,59.27,4,3,2.0,-1,0,0.7778,0.0546,0.2092,0.25
ORD10149,2026-05-29 00:00:00,Standard Class,East,Consumer,Sports,6,265.31,253.90875,2,2,1.0,0,0,0.5556,0.1372,1.0,0.0
ORD10150,2026-05-30 00:00:00,Standard Class,Central,Consumer,Electronics,7,51.31,155.21,3,3,3.0,0,0,0.6667,0.0148,0.599,0.5
ORD10151,2026-05-31 00:00:00,Second Class,West,Corporate,Electronics,3,234.09,141.99,1,3,5.0,2,1,0.2222,0.1193,0.5453,1.0
ORD10152,2026-06-01 00:00:00,Standard Class,South,Corporate,Electronics,1,707.99,148.8,1,2,2.0,1,1,0.0,0.3904,0.573,0.25
ORD10153,2026-06-02 00:00:00,Standard Class,West,Consumer,Office Supplies,5,517.28,159.21,3,3,2.0,0,0,0.4444,0.2813,0.6153,0.25
ORD10154,2026-06-03 00:00:00,First Class,South,Home Office,Clothing,2,1073.35,31.95,3,4,4.0,1,1,0.1111,0.5994,0.0982,0.75
ORD10155,2026-06-04 00:00:00,Same Day,South,Consumer,Office Supplies,5,984.58,66.42,1,1,5.0,0,0,0.4444,0.5487,0.2383,1.0
ORD10156,2026-06-05 00:00:00,Standard Class,South,Consumer,Electronics,8,423.34,122.53,2,2,5.0,0,0,0.7778,0.2276,0.4662,1.0
ORD10157,2026-06-06 00:00:00,First Class,South,Consumer,Clothing,9,326.12,112.88,4,4,2.0,0,0,0.8889,0.172,0.427,0.25
ORD10158,2026-06-07 00:00:00,Second Class,East,Consumer,Electronics,2,468.04,28.85,2,3,1.0,1,1,0.1111,0.2532,0.0856,0.0
ORD10159,2026-06-08 00:00:00,Standard Class,South,Consumer,Office Supplies,3,716.55,92.69,3,4,4.0,1,1,0.2222,0.3953,0.345,0.75
ORD10160,2026-06-09 00:00:00,Second Class,East,Consumer,Office Supplies,3,336.32,39.79,2,3,5.0,1,1,0.2222,0.1778,0.1301,1.0
ORD10161,2026-06-10 00:00:00,Standard Class,South,Consumer,Office Supplies,1,756.5,39.69,1,3,2.0,2,1,0.0,0.4182,0.1297,0.25
ORD10162,2026-06-11 00:00:00,First Class,Central,Corporate,Electronics,8,503.11,88.23,3,5,5.0,2,1,0.7778,0.2732,0.3269,1.0
ORD10163,2026-06-12 00:00:00,First Class,West,Corporate,Clothing,6,671.42,96.91,4,3,4.0,-1,0,0.5556,0.3695,0.3622,0.75
ORD10164,2026-06-13 00:00:00,Standard Class,Central,Corporate,Clothing,8,534.63,94.91,1,3,4.0,2,1,0.7778,0.2913,0.354,0.75
ORD10165,2026-06-14 00:00:00,Standard Class,South,Home Office,Electronics,9,367.47,19.18,1,1,3.0,0,0,0.8889,0.1956,0.0464,0.5
ORD10166,2026-06-15 00:00:00,Second Class,East,Consumer,Clothing,5,1139.17,141.01,4,5,2.0,1,1,0.4444,0.6371,0.5413,0.25
ORD10167,2026-06-16 00:00:00,Standard Class,East,Consumer,Electronics,3,921.05,46.17,4,5,4.0,1,1,0.2222,0.5123,0.156,0.75
ORD10168,2026-06-17 00:00:00,Standard Class,South,Home Office,Clothing,5,185.33,25.07,2,1,3.0,-1,0,0.4444,0.0914,0.0703,0.5
ORD10169,2026-06-18 00:00:00,Standard Class,Central,Consumer,Sports,5,1044.79,253.90875,3,5,3.0,2,1,0.4444,0.5831,1.0,0.5
ORD10170,2026-06-19 00:00:00,First Class,Central,Home Office,Sports,5,595.17,153.13,4,4,5.0,0,0,0.4444,0.3259,0.5906,1.0
ORD10171,2026-06-20 00:00:00,First Class,East,Consumer,Office Supplies,3,1075.57,138.63,4,3,5.0,-1,0,0.2222,0.6007,0.5317,1.0
ORD10172,2026-06-21 00:00:00,Standard Class,Central,Home Office,Sports,10,963.83,130.47,3,3,3.0,0,0,1.0,0.5368,0.4985,0.5
ORD10173,2026-06-22 00:00:00,Same day,West,Consumer,Sports,4,521.75,106.56,4,4,5.0,0,0,0.3333,0.2839,0.4014,1.0
ORD10174,2026-06-23 00:00:00,Standard Class,East,Home Office,Sports,9,46.51,90.38,4,4,4.0,0,0,0.8889,0.012,0.3356,0.75
ORD10175,2026-06-24 00:00:00,First Class,Central,Consumer,Electronics,10,1773.57625,18.48,2,3,1.0,1,1,1.0,1.0,0.0435,0.0
ORD10176,2026-06-25 00:00:00,Standard Class,East,Home Office,Sports,9,659.13,68.31,1,2,4.0,1,1,0.8889,0.3625,0.246,0.75
ORD10177,2026-06-26 00:00:00,Second Class,West,Consumer,Sports,2,767.5,253.90875,1,3,3.0,2,1,0.1111,0.4245,1.0,0.5
ORD10178,2026-06-27 00:00:00,Standard Class,East,Corporate,Office Supplies,8,324.31,45.26,1,1,3.0,0,0,0.7778,0.171,0.1523,0.5
ORD10179,2026-06-28 00:00:00,Same Day,East,Home Office,Sports,8,184.44,117.13,1,1,4.0,0,0,0.7778,0.0909,0.4443,0.75
ORD10180,2026-06-29 00:00:00,Standard Class,Central,Consumer,Sports,7,1005.22,81.86,4,5,5.0,1,1,0.6667,0.5605,0.301,1.0
ORD10181,2026-06-30 00:00:00,Standard Class,East,Corporate,Clothing,8,1181.59,17.56,3,4,5.0,1,1,0.7778,0.6614,0.0398,1.0
ORD10182,2026-07-01 00:00:00,Standard Class,West,Corporate,Office Supplies,3,640.31,39.13,3,3,3.0,0,0,0.2222,0.3517,0.1274,0.5
ORD10183,2026-07-02 00:00:00,Second Class,South,Consumer,Office Supplies,6,222.58,110.91,2,2,2.0,0,0,0.5556,0.1128,0.419,0.25
ORD10184,2026-07-03 00:00:00,Second Class,East,Corporate,Office Supplies,1,341.32,16.8,2,1,5.0,-1,0,0.0,0.1807,0.0367,1.0
ORD10185,2026-07-04 00:00:00,Standard Class,West,Corporate,Office Supplies,7,41.7,136.94,4,3,4.0,-1,0,0.6667,0.0093,0.5248,0.75
ORD10186,2026-07-05 00:00:00,First Class,West,Home Office,Office Supplies,1,1098.87,81.75,3,4,5.0,1,1,0.0,0.614,0.3006,1.0
ORD10187,2026-07-06 00:00:00,Second Class,East,Consumer,Office Supplies,9,158.95,79.49,3,4,4.0,1,1,0.8889,0.0764,0.2914,0.75
ORD10188,2026-07-07 00:00:00,First Class,Central,Consumer,Electronics,1,700.29,96.82,1,1,3.0,0,0,0.0,0.386,0.3618,0.5
ORD10189,2026-07-08 00:00:00,First Class,South,Home Office,Sports,1,343.39,132.83,4,5,5.0,1,1,0.0,0.1819,0.5081,1.0
ORD10190,2026-07-09 00:00:00,Standard Class,West,Home Office,Office Supplies,7,673.93,58.91,4,5,4.0,1,1,0.6667,0.3709,0.2078,0.75
ORD10191,2026-07-10 00:00:00,Standard Class,West,Consumer,Sports,2,788.68,110.09,1,1,3.0,0,0,0.1111,0.4366,0.4157,0.5
ORD10192,2026-07-11 00:00:00,Second Class,South,Corporate,Sports,5,999.1,92.69,4,6,2.0,2,1,0.4444,0.557,0.345,0.25
ORD10193,2026-07-12 00:00:00,Second Class,West,Consumer,Electronics,8,263.58,46.39,4,3,4.0,-1,0,0.7778,0.1362,0.1569,0.75
ORD10194,2026-07-13 00:00:00,First Class,South,Consumer,Office Supplies,8,32.98,141.19,2,3,2.0,1,1,0.7778,0.0043,0.5421,0.25
ORD10195,2026-07-14 00:00:00,Standard Class,South,Consumer,Clothing,3,181.53,128.6,3,3,2.0,0,0,0.2222,0.0893,0.4909,0.25
ORD10196,2026-07-15 00:00:00,Standard Class,South,Consumer,Electronics,7,1082.02,107.06,4,5,1.0,1,1,0.6667,0.6044,0.4034,0.0
ORD10197,2026-07-16 00:00:00,Second Class,West,Corporate,Clothing,3,1051.19,136.84,2,2,5.0,0,0,0.2222,0.5868,0.5244,1.0
ORD10198,2026-07-17 00:00:00,Second Class,Central,Consumer,Sports,6,724.95,139.43,3,3,4.0,0,0,0.5556,0.4001,0.5349,0.75
ORD10199,2026-07-18 00:00:00,Standard Class,South,Home Office,Sports,6,728.61,114.8,1,2,2.0,1,1,0.5556,0.4022,0.4348,0.25
ORD10200,2026-04-10 12:00:00,Second Class,East,Home Office,Electronics,3,804.74,134.74,2,3,1.0,1,1,0.2222,0.4458,0.5158,0.0
